Tiêu đề,Giá,Diện tích,Địa chỉ
"🍀Bán gấp nhà 120m2 - 670tr đang cho thuê 10tr/th NGAY CHỢ BÌNH CHÁNH","Giá: 670 triệu","DT:",""
"Bán Gấp Nhà Hào Nam 53 m ×7 tầng.mt 7.6m .Giá 14.75 tỷ Đống Đa + Vị trí cực đẹp, TT Đống","Giá: 14,75 tỷ","DT:",""
"BÁN ĐẤT TẶNG NHÀ – KIỆT NGUYỄN VĂN THOẠI – MỸ AN – NGŨ HÀNH SƠN – ĐÀ NẴNG","Giá: 31 tỷ","DT:",""
"BÁN NHÀ 3 TẦNG MẶT TIỀN - ÔNG ÍCH KHIÊM, P. HẢI CHÂU 2, Q. HẢI CHÂU, TP. ĐÀ NẴNG","Giá: 20 tỷ","DT:",""
"CẦN BÁN 2 CĂN NHÀ MẶT TIỀN-790TR-820TR HƯNG NHƠN & TRỊNH NHƯ KHUÊ CHỢ BÌNH CHÁNH QL1A","Giá: 790 triệu","DT:",""
"BÁN SIÊU TÒA CĂN HỘ GIÁ TỐT - DÒNG TIỀN ĐỈNH - NẰM TRÊN TRỤC ĐƯỜNG 10.5M RẤT ĐẸP.","Giá: 10,85 tỷ","DT:",""
"GIẢM 2 TỶ BÁN NHANH NHÀ 3 TẦNG NGUYỄN HỮU THỌ MỚI - KINH DOANH SẦM UẤT -VỊ TRÍ ĐẮC ĐỊA.","Giá: 11,5 tỷ","DT:",""
"ĐỐNG ĐA LÀ THÀNH 40M2 5 TẦNG ,THANG MÁY 8.8 TỶ NHÀ MỚI SAI TẶNG 5 TỶ CHO ĐỠ MẤT THỜI GIAN","Giá: 6,5 tỷ","DT:",""
"ĐỐNG ĐA LÀ THÀNH 40M2 5 TẦNG ,THANG MÁY 8.8 TỶ NHÀ MỚI SAI TẶNG 5 TỶ CHO ĐỠ MẤT THỜI GIAN","Giá: 8,7 tỷ","DT:",""
"ĐỐNG ĐA LÀ THÀNH 40M2 5 TẦNG ,THANG MÁY 8.8 TỶ NHÀ MỚI SAI TẶNG 5 TỶ CHO ĐỠ MẤT THỜI GIAN","Giá: 8,8 tỷ","DT:",""
"ĐỐNG ĐA LÀ THÀNH 40M2 5 TẦNG ,THANG MÁY 8.8 TỶ NHÀ MỚI SAI TẶNG 5 TỶ CHO ĐỠ MẤT THỜI GIAN","Giá: 7,2 tỷ","DT:",""
"Giảm sâu! Bán toà căn hộ 5 tầng - Lý Văn Tố - Cạnh Dương Đình Nghệ - D. Tiền 50-55 Tr/th","Giá: 14,9 tỷ","DT:",""
"Ngõ ÔTÔ rộng 4,5m gara ÔTÔ trong nhà Thái Hà thông Thái Thịnh 50M2 7 tầng 11 phòng 12.6tỷ","Giá: 12,6 tỷ","DT:",""
"💛💛💛💛💛Hot, tòa căn hộ độc nhất , đẹp nhất và rẻ nhất khu An Thượng","Giá: 32,5 tỷ","DT:",""
"Bán Gấp Nhà Ngọc Khánh 63 m×5 tầng.mt 6.4m Giá 15 tỷ Đình KHU VỰC HIẾM NHÀ BÁN CÁCH PHỐ","Giá: 15 tỷ","DT:",""
"KHU PHỐ AN THƯỢNG 2 TẦNG NHỈNH 13TY NGANG 7M","Giá: 13,7 tỷ","DT:",""
"CẦN BÁN SIÊU PHẨM TÂY HỒ, NHÀ ĐẸP Ở LUÔN, TIỆN ÍCH VÔ VÀN.","Giá: 8,3 tỷ","DT:",""
"Chính chủ cần bán nhà hộ khẩu Ba Đình - nhà đep ở luôn - full nội thất","Giá: 4,2 tỷ","DT:",""
"Bán nhà Trần Cung , 88m2 , MT 5m ôtô 7 chỗ vào nhà , 5 tầng ,6p dân xây , gần phố","Giá: 17,5 tỷ","DT:",""
"Cầu Giấy , ôtô đỗ cửa , 55m2 , 3,5 tầng ,phân lô ,vị trí đắc địa 2 thoáng trước sau - 13tỷ","Giá: 13 tỷ","DT:",""
